{
    "vocab_size": 129280,
    "dim": 6144,
    "inter_dim": 16384,
    "moe_inter_dim": 1536,
    "n_layers": 52,
    "n_dense_layers": 3,
    "n_heads": 96,
    "n_routed_experts": 192,
    "n_shared_experts": 1,
    "n_activated_experts": 6,
    "n_expert_groups": 6,
    "n_limited_groups": 3,
    "route_scale": 2.0,
    "score_func": "sigmoid",
    "q_lora_rank": 1024,
    "kv_lora_rank": 384,
    "qk_nope_head_dim": 96,
    "qk_rope_head_dim": 48,
    "v_head_dim": 96,
    "dtype": "fp8",
    "scale_fmt": "ue8m0",
    "index_n_heads": 48,
    "index_head_dim": 96,
    "index_topk": 1536
}
